{"name":"92860895-465c-417d-89f2-6358200c797f","id":"/providers/Microsoft.Flow/flows/92860895-465c-417d-89f2-6358200c797f","type":"Microsoft.Flow/flows","properties":{"apiId":"/providers/Microsoft.PowerApps/apis/shared_logicflows","displayName":"AddExternalUser","definition":{"metadata":{"workflowEntityId":null,"flowclientsuspensionreason":"None","flowclientsuspensiontime":null,"creator":{"id":"36a0b5c0-8081-420d-a9a9-df10a11a5b01","type":"User","tenantId":"0e7d276b-49da-49b9-afd8-512184f9dd94"},"provisioningMethod":"FromDefinition","failureAlertSubscription":true,"clientLastModifiedTime":"2021-02-02T00:13:46.2421186Z"},"$schema":"https://schema.management.azure.com/providers/Microsoft.Logic/schemas/2016-06-01/workflowdefinition.json#","contentVersion":"1.0.0.0","parameters":{"$connections":{"defaultValue":{},"type":"Object"},"$authentication":{"defaultValue":{},"type":"SecureObject"}},"triggers":{"When_an_item_is_created":{"recurrence":{"frequency":"Minute","interval":3},"splitOn":"@triggerOutputs()?['body/value']","type":"OpenApiConnection","inputs":{"host":{"apiId":"/providers/Microsoft.PowerApps/apis/shared_sharepointonline","connectionName":"shared_sharepointonline","operationId":"GetOnNewItems"},"parameters":{"dataset":"https://instalogixtech.sharepoint.com/sites/m365OfficialTalk","table":"d9f684c8-a151-4e8f-ba52-d644d2548aac"},"authentication":"@parameters('$authentication')"}}},"actions":{"Initialize_variable":{"runAfter":{},"type":"InitializeVariable","inputs":{"variables":[{"name":"GraphURL","type":"string","value":"https://graph.microsoft.com/v1.0/invitations"}]}},"HTTP":{"runAfter":{"Initialize_variable":["Succeeded"]},"type":"Http","inputs":{"method":"POST","uri":"@variables('GraphURL')","body":{"invitedUserEmailAddress":"@triggerOutputs()?['body/Email']","inviteRedirectUrl":"https://myapp.contoso.com","sendInvitationMessage":true},"authentication":{"type":"ActiveDirectoryOAuth","tenant":"0e7d276b-49da-49b9-afd8-512184f9dd94","audience":"https://graph.microsoft.com","clientId":"98ad77c6-758f-46d9-8c5b-0454976f21c5","secret":"sB.~PlbcE4viOK5Cdx-3jx16T~wgwExC6_"}}}}},"connectionReferences":{"shared_sharepointonline":{"connectionName":"d9fa54be168c49a4337a4b4e3b08f6df","source":"Embedded","id":"/providers/Microsoft.PowerApps/apis/shared_sharepointonline","tier":"NotSpecified"}},"flowFailureAlertSubscribed":false}}